pwd,Print working directory,10
ls,List directory contents,10
cd,Change directory,10
mkdir,Make directory,10
rmdir,Remove directory,10
rm,Remove files or directories,10
cp,Copy files or directories,10
mv,Move or rename files or directories,10
ssh,Secure shell remote login,10
scp,Secure copy,10
man,Display manual pages,10
g++,GNU C++ compiler,10
gcc,GNU C compiler,10
make,Build utility,10
ps,Display process status,10
kill,Terminate processes,10
top,Display system processes,10
who,Show who is logged in,10
chmod,Change file permissions,10
cat,Concatenate and display files,10
alias,Create command aliases,10
chown,Change file owner,10
df,Display disk space usage,10
grep,Search text using patterns,10
echo,Display a line of text,10
find,Search for files,10
clear,Clear the terminal screen,10
diff,Compare files line by line,10
env,Display environment variables,10
free,Display memory usage,10
